--
-- PostgreSQL database dump
--

\restrict lYHfQEyJ2te6flwiTTS4I3qVegu7yciCxWoBetOtunuzMopsqzxT8UOBlp7518W

-- Dumped from database version 17.6
-- Dumped by pg_dump version 17.6

SET statement_timeout = 0;
SET lock_timeout = 0;
SET idle_in_transaction_session_timeout = 0;
SET transaction_timeout = 0;
SET client_encoding = 'UTF8';
SET standard_conforming_strings = on;
SELECT pg_catalog.set_config('search_path', '', false);
SET check_function_bodies = false;
SET xmloption = content;
SET client_min_messages = warning;
SET row_security = off;

SET default_tablespace = '';

SET default_table_access_method = heap;

--
-- Name: categories; Type: TABLE; Schema: public; Owner: postgres
--

CREATE TABLE public.categories (
    id bigint NOT NULL,
    name character varying(255) NOT NULL
);


ALTER TABLE public.categories OWNER TO postgres;

--
-- Name: categories_id_seq; Type: SEQUENCE; Schema: public; Owner: postgres
--

ALTER TABLE public.categories ALTER COLUMN id ADD GENERATED BY DEFAULT AS IDENTITY (
    SEQUENCE NAME public.categories_id_seq
    START WITH 1
    INCREMENT BY 1
    NO MINVALUE
    NO MAXVALUE
    CACHE 1
);


--
-- Name: payment_modes; Type: TABLE; Schema: public; Owner: postgres
--

CREATE TABLE public.payment_modes (
    id bigint NOT NULL,
    is_active boolean NOT NULL,
    mode character varying(255) NOT NULL
);


ALTER TABLE public.payment_modes OWNER TO postgres;

--
-- Name: payment_modes_id_seq; Type: SEQUENCE; Schema: public; Owner: postgres
--

ALTER TABLE public.payment_modes ALTER COLUMN id ADD GENERATED BY DEFAULT AS IDENTITY (
    SEQUENCE NAME public.payment_modes_id_seq
    START WITH 1
    INCREMENT BY 1
    NO MINVALUE
    NO MAXVALUE
    CACHE 1
);


--
-- Name: payments; Type: TABLE; Schema: public; Owner: postgres
--

CREATE TABLE public.payments (
    id bigint NOT NULL,
    amount numeric(10,2) NOT NULL,
    payment_date timestamp(6) without time zone NOT NULL,
    remarks character varying(500),
    status character varying(255) NOT NULL,
    transaction_id character varying(255),
    payment_mode_id bigint NOT NULL,
    CONSTRAINT payments_status_check CHECK (((status)::text = ANY ((ARRAY['PENDING'::character varying, 'COMPLETED'::character varying, 'FAILED'::character varying, 'REFUNDED'::character varying])::text[])))
);


ALTER TABLE public.payments OWNER TO postgres;

--
-- Name: payments_id_seq; Type: SEQUENCE; Schema: public; Owner: postgres
--

ALTER TABLE public.payments ALTER COLUMN id ADD GENERATED BY DEFAULT AS IDENTITY (
    SEQUENCE NAME public.payments_id_seq
    START WITH 1
    INCREMENT BY 1
    NO MINVALUE
    NO MAXVALUE
    CACHE 1
);


--
-- Name: products; Type: TABLE; Schema: public; Owner: postgres
--

CREATE TABLE public.products (
    id bigint NOT NULL,
    name character varying(255) NOT NULL,
    price double precision NOT NULL,
    total_items_in_stock integer NOT NULL,
    category_id bigint NOT NULL,
    image_url character varying(1000)
);


ALTER TABLE public.products OWNER TO postgres;

--
-- Name: products_id_seq; Type: SEQUENCE; Schema: public; Owner: postgres
--

ALTER TABLE public.products ALTER COLUMN id ADD GENERATED BY DEFAULT AS IDENTITY (
    SEQUENCE NAME public.products_id_seq
    START WITH 1
    INCREMENT BY 1
    NO MINVALUE
    NO MAXVALUE
    CACHE 1
);


--
-- Data for Name: categories; Type: TABLE DATA; Schema: public; Owner: postgres
--

COPY public.categories (id, name) FROM stdin;
1	Food
2	Mobiles
3	Electronics
4	Stationery
\.


--
-- Data for Name: payment_modes; Type: TABLE DATA; Schema: public; Owner: postgres
--

COPY public.payment_modes (id, is_active, mode) FROM stdin;
1	t	Cash On Delivery
2	t	UPI
3	t	Debit/Credit Card
4	t	Net Banking
5	t	Wallet
\.


--
-- Data for Name: payments; Type: TABLE DATA; Schema: public; Owner: postgres
--

COPY public.payments (id, amount, payment_date, remarks, status, transaction_id, payment_mode_id) FROM stdin;
1	150000.00	2025-11-11 13:16:14.300605	\N	PENDING	\N	1
2	150000.00	2025-11-11 13:16:25.014021	zzx	PENDING	TXN17628471794591918	2
3	175115.00	2025-11-11 13:18:36.83597	\N	PENDING	\N	1
4	150000.00	2025-11-11 13:18:43.445311	\N	PENDING	\N	1
5	24999.00	2025-11-11 13:29:23.836418	\N	PENDING	\N	1
6	150000.00	2025-11-11 13:30:12.904879	\N	PENDING	\N	1
7	150000.00	2025-11-11 13:33:51.551843	kannodeu	PENDING	\N	1
8	150000.00	2025-11-11 13:38:22.994918	Payment via Debit/Credit Card	PENDING	TXN17628484983721247	3
9	150000.00	2025-11-11 13:38:32.984379	Payment via UPI	PENDING	TXN17628485085132820	2
10	150000.00	2025-11-11 13:51:53.664305	Test Payment via UPI - TEST_1762849313629_10dxn3q1d	PENDING	TEST_1762849313629_10dxn3q1d	2
11	150000.00	2025-11-11 13:55:10.205481	Test Payment via UPI - TEST_1762849510199_he4qg3rei	PENDING	TEST_1762849510199_he4qg3rei	2
12	150000.00	2025-11-11 14:03:16.515595	Demo Payment via UPI - pay_DEMO1762849996500upi_BNW1NM56N	PENDING	pay_DEMO1762849996500upi_BNW1NM56N	2
13	150000.00	2025-11-11 14:08:08.958635	Demo Payment via Debit/Credit Card - pay_DEMO1762850288824card_P2UFZDXYY	PENDING	pay_DEMO1762850288824card_P2UFZDXYY	3
14	150000.00	2025-11-11 14:08:22.698276	Demo Payment via UPI - pay_DEMO1762850302677upi_KPR1WFX05	PENDING	pay_DEMO1762850302677upi_KPR1WFX05	2
15	150000.00	2025-11-11 14:13:30.769968	gfdgf	PENDING	\N	1
16	100.00	2025-11-11 14:13:47.033076	Demo Payment via Wallet - pay_DEMO1762850627025wallet_5YZ8VIPL2	PENDING	pay_DEMO1762850627025wallet_5YZ8VIPL2	5
17	150000.00	2025-11-11 14:19:12.63709	Demo Payment via Net Banking - pay_DEMO1762850952616netbanking_49FYLU722	PENDING	pay_DEMO1762850952616netbanking_49FYLU722	4
18	150000.00	2025-11-11 14:25:25.651141	dsadsa	PENDING	\N	1
19	24999.00	2025-11-11 14:27:34.731123	Demo Payment via UPI - pay_DEMO1762851454720upi_QHLK3IZOI	PENDING	pay_DEMO1762851454720upi_QHLK3IZOI	2
20	150000.00	2025-11-11 14:35:16.271383	hgfh	PENDING	\N	1
21	150000.00	2025-11-11 14:43:26.635631	Payment via Debit/Credit Card - TXN_1762852406499_CARD_K5YC5FVWU	PENDING	TXN_1762852406499_CARD_K5YC5FVWU	3
22	24999.00	2025-11-11 14:45:19.064711	Payment via Debit/Credit Card - TXN_1762852519043_CARD_TCK9GT04G	PENDING	TXN_1762852519043_CARD_TCK9GT04G	3
23	24999.00	2025-11-11 14:48:48.27295	Payment via Net Banking - TXN_1762852727838_NETBANKING_NBC464JKT	PENDING	TXN_1762852727838_NETBANKING_NBC464JKT	4
24	15.00	2025-11-11 14:49:03.904758	Payment via Wallet - TXN_1762852743890_WALLET_KCURB8K2U	PENDING	TXN_1762852743890_WALLET_KCURB8K2U	5
25	150000.00	2025-11-11 15:03:52.265404	Payment via UPI - TXN_1762853632095_UPI_RR3KR7UKE	PENDING	TXN_1762853632095_UPI_RR3KR7UKE	2
\.


--
-- Data for Name: products; Type: TABLE DATA; Schema: public; Owner: postgres
--

COPY public.products (id, name, price, total_items_in_stock, category_id, image_url) FROM stdin;
5	Books	100	200	4	https://wallpaperaccess.com/full/1209397.jpg
4	Eco Bags	29	100	4	https://images.unsplash.com/photo-1544816155-12df9643f363?w=400
3	Sony Headphones	24999	8	3	https://images.unsplash.com/photo-1505740420928-5e560c06d30e?w=400
1	Apple	15	9	1	https://images.unsplash.com/photo-1568702846914-96b305d2aaeb?w=400
2	iPhone 15 Pro	150000	999	2	https://tse3.mm.bing.net/th/id/OIP.vEbAx4ltTM5CLrMgWPMe3gHaO0?cb=12ucfimg=1&rs=1&pid=ImgDetMain&o=7&rm=3
\.


--
-- Name: categories_id_seq; Type: SEQUENCE SET; Schema: public; Owner: postgres
--

SELECT pg_catalog.setval('public.categories_id_seq', 6, true);


--
-- Name: payment_modes_id_seq; Type: SEQUENCE SET; Schema: public; Owner: postgres
--

SELECT pg_catalog.setval('public.payment_modes_id_seq', 5, true);


--
-- Name: payments_id_seq; Type: SEQUENCE SET; Schema: public; Owner: postgres
--

SELECT pg_catalog.setval('public.payments_id_seq', 25, true);


--
-- Name: products_id_seq; Type: SEQUENCE SET; Schema: public; Owner: postgres
--

SELECT pg_catalog.setval('public.products_id_seq', 5, true);


--
-- Name: categories categories_pkey; Type: CONSTRAINT; Schema: public; Owner: postgres
--

ALTER TABLE ONLY public.categories
    ADD CONSTRAINT categories_pkey PRIMARY KEY (id);


--
-- Name: payment_modes payment_modes_pkey; Type: CONSTRAINT; Schema: public; Owner: postgres
--

ALTER TABLE ONLY public.payment_modes
    ADD CONSTRAINT payment_modes_pkey PRIMARY KEY (id);


--
-- Name: payments payments_pkey; Type: CONSTRAINT; Schema: public; Owner: postgres
--

ALTER TABLE ONLY public.payments
    ADD CONSTRAINT payments_pkey PRIMARY KEY (id);


--
-- Name: products products_pkey; Type: CONSTRAINT; Schema: public; Owner: postgres
--

ALTER TABLE ONLY public.products
    ADD CONSTRAINT products_pkey PRIMARY KEY (id);


--
-- Name: payment_modes uk2fl01wuuyxyvqn1jag2ee2mxg; Type: CONSTRAINT; Schema: public; Owner: postgres
--

ALTER TABLE ONLY public.payment_modes
    ADD CONSTRAINT uk2fl01wuuyxyvqn1jag2ee2mxg UNIQUE (mode);


--
-- Name: categories ukt8o6pivur7nn124jehx7cygw5; Type: CONSTRAINT; Schema: public; Owner: postgres
--

ALTER TABLE ONLY public.categories
    ADD CONSTRAINT ukt8o6pivur7nn124jehx7cygw5 UNIQUE (name);


--
-- Name: payments fk94qskq8w9hs04wa0aamq79h7x; Type: FK CONSTRAINT; Schema: public; Owner: postgres
--

ALTER TABLE ONLY public.payments
    ADD CONSTRAINT fk94qskq8w9hs04wa0aamq79h7x FOREIGN KEY (payment_mode_id) REFERENCES public.payment_modes(id);


--
-- Name: products fkog2rp4qthbtt2lfyhfo32lsw9; Type: FK CONSTRAINT; Schema: public; Owner: postgres
--

ALTER TABLE ONLY public.products
    ADD CONSTRAINT fkog2rp4qthbtt2lfyhfo32lsw9 FOREIGN KEY (category_id) REFERENCES public.categories(id);


--
-- PostgreSQL database dump complete
--

\unrestrict lYHfQEyJ2te6flwiTTS4I3qVegu7yciCxWoBetOtunuzMopsqzxT8UOBlp7518W

